month,rf,UMD,MKT,SMB,HML,RMW,CMA
1994-01,0.008719,0.115602,-0.091552,0.08746,0.068702,-0.020783,0.004388
1994-02,0.008719,0.024992,-0.00043,-0.009823,-0.010178,0.024802,0.026945
1994-03,0.008719,0.162997,-0.104805,0.134828,0.04801,-0.010892,0.111636
1994-04,0.008719,-0.038094,-0.16104,0.022628,-0.055022,0.073279,0.062042
1994-05,0.008719,0.039128,-0.067623,-0.007145,-0.037799,0.03775,-0.099231
1994-06,0.008719,0.034068,-0.17205,0.003633,-0.072677,0.084098,0.01067
1994-07,0.008719,-0.058955,-0.280497,-0.04521,0.016578,0.018492,-0.086527
1994-08,0.008719,0.223836,1.165389,0.160197,-0.025569,-0.179923,0.745725
1994-09,0.008719,-0.095222,0.047566,0.058406,0.048219,-0.011723,0.216781
1994-10,0.008719,0.01416,-0.195791,0.037439,0.011896,-0.001549,0.015384
1994-11,0.008719,0.096327,0.033885,-0.004052,0.01038,-0.019011,0.013564
1994-12,0.008719,-0.009777,-0.060005,0.0232,-0.009846,-0.005614,-0.026242
1995-01,0.008719,-0.056249,-0.130143,-0.012222,-0.014865,0.013639,-0.037883
1995-02,0.008719,-0.026294,-0.022566,-0.010733,0.003677,-0.00475,0.00054
1995-03,0.008719,0.158115,0.145686,0.042699,0.018636,-0.008464,-0.062434
1995-04,0.008719,-0.025414,-0.102012,0.000146,0.012102,-0.005984,-0.026063
1995-05,0.008719,0.077,0.178412,0.067586,0.004552,-0.028882,0.01218
1995-06,0.008719,-0.079799,-0.094725,-0.002065,-0.019186,0.013204,-0.012541
1995-07,0.008719,-0.037972,0.087344,-0.000465,0.052611,0.050492,0.019905
1995-08,0.008719,-0.11591,0.042648,-0.047835,0.08733,-0.007633,0.040152
1995-09,0.008719,-0.06838,-0.008043,-0.00735,0.065746,0.022608,0.027706
1995-10,0.008719,0.046448,-0.001814,0.021668,0.042805,0.010927,0.021572
1995-11,0.008719,-0.072671,-0.10446,0.012581,-0.041735,-0.024288,-0.009679
1995-12,0.008719,-0.016227,-0.129789,-0.003,0.003054,-0.022751,-0.001041
1996-01,0.008719,0.083604,-0.040719,-0.004667,0.049638,-0.004895,0.019008
1996-02,0.008719,-0.019799,0.023451,-0.013032,-0.027148,0.019885,-0.013908
1996-03,0.008719,0.034728,0.001504,0.001194,0.00241,0.016645,0.004407
1996-04,0.008719,-0.125478,0.27388,0.071911,0.041303,-0.139193,-0.003834
1996-05,0.007346,0.067877,-0.032156,-0.095177,0.01041,-0.013688,0.010786
1996-06,0.007346,0.096609,0.229366,-0.190335,0.024285,-0.085087,0.065339
1996-07,0.007346,0.088415,0.109613,0.07528,0.095005,-0.032523,0.022291
1996-08,0.006022,0.073168,-0.007437,-0.047512,0.019255,0.020515,-0.038565
1996-09,0.006022,0.019328,0.055783,-0.001827,0.006556,0.009995,-0.042874
1996-10,0.006022,0.020664,0.186237,0.09858,0.042014,-0.070199,0.23475
1996-11,0.006022,0.035253,0.065948,0.046113,0.026416,-0.023921,0.031414
1996-12,0.006022,-0.02702,-0.169819,-0.07109,-0.060057,0.081782,-0.060629
1997-01,0.006022,0.05118,0.061518,0.044222,-4.3e-05,0.015055,-0.009374
1997-02,0.006022,-0.109089,0.052567,0.047318,0.013144,-0.04866,0.020687
1997-03,0.006022,0.01963,0.181683,0.062124,-0.011932,0.049392,-0.083862
1997-04,0.006022,0.049797,0.082898,-0.054415,-0.029758,0.020137,-0.160841
1997-05,0.006022,0.045899,-0.082606,-0.043351,-0.001612,0.048111,-0.02833
1997-06,0.006022,0.126897,-0.006038,0.018631,0.018558,0.050401,-0.053098
1997-07,0.006022,-0.097144,-0.065473,0.046498,0.009491,0.00952,0.024476
1997-08,0.006022,-0.188526,-0.005759,0.010095,0.043016,-0.093319,0.070384
1997-09,0.006022,0.009987,-0.11053,0.016226,0.00094,-0.022854,0.005585
1997-10,0.004606,0.044128,0.128557,-0.042857,-0.016185,0.03957,-0.030605
1997-11,0.004606,0.032748,-0.048203,0.025414,-0.001511,0.000292,-0.013979
1997-12,0.004606,0.074915,0.036372,0.064367,-0.030746,0.056747,-0.055418
1998-01,0.004606,0.01482,0.016078,0.035088,-0.03039,0.012936,-0.005881
1998-02,0.004606,-0.071236,-0.023204,0.023786,0.025788,-0.056487,0.034447
1998-03,0.004249,0.022894,0.020274,0.045661,0.030895,-0.034737,0.058639
1998-04,0.004249,0.018079,0.082372,0.078575,0.01207,0.036078,0.004609
1998-05,0.004249,-0.060739,0.051412,0.088763,0.03119,-0.052702,0.021258
1998-06,0.004249,0.031438,-0.061868,0.017583,0.007329,0.032404,0.012159
1998-07,0.003891,0.00853,-0.017298,0.007991,0.010658,-0.016929,0.016204
1998-08,0.003891,0.07161,-0.130244,0.030961,0.001535,-0.011361,0.007174
1998-09,0.003891,-0.015925,0.077544,0.075118,0.017795,-0.018926,0.030457
1998-10,0.003891,0.024192,-0.015455,0.049076,-0.033952,0.010641,-0.034318
1998-11,0.003891,-0.008703,0.017607,-0.018506,-0.012426,0.023888,-0.014593
1998-12,0.003097,-0.03645,-0.082716,-0.031065,0.005659,0.011393,-0.008019
1999-01,0.003097,0.01488,-0.013157,0.012474,-0.004249,-0.000111,-0.008984
1999-02,0.003097,0.017071,-0.045484,0.009223,0.001414,0.0118,-0.000931
1999-03,0.003097,-0.013292,0.065406,0.053689,0.048532,-0.079778,0.058904
1999-04,0.003097,-0.00044,-0.036154,-0.020314,0.035421,-0.024454,0.011678
1999-05,0.003097,0.052949,0.117587,-0.054665,0.008059,-0.015138,-0.043372
1999-06,0.001856,0.047892,0.33034,-0.052961,-0.104952,0.047764,0.022058
1999-07,0.001856,0.010152,-0.056867,0.021785,0.017845,-0.034506,0.02529
1999-08,0.001856,-0.026663,0.008889,0.053425,0.024785,-0.037304,0.057541
1999-09,0.001856,-0.006611,-0.02968,0.01007,-0.022341,0.011903,-0.01657
1999-10,0.001856,-0.018109,-0.046549,0.02196,0.009352,-0.015226,0.00189
1999-11,0.001856,-0.027316,-0.042826,0.031536,0.01043,-0.01352,0.006362
1999-12,0.001856,0.05035,-0.050078,-0.023239,-0.044088,0.028347,-0.024693
2000-01,0.001856,0.192724,0.135225,-0.005175,-0.104151,0.042289,-0.076779
2000-02,0.001856,0.026084,0.113951,0.032327,-0.002393,-0.011365,0.03855
2000-03,0.001856,-0.092493,0.058133,0.069624,0.01608,-0.051447,0.065904
2000-04,0.001856,-0.052416,0.015578,-0.010779,0.02358,-0.022984,0.00972
2000-05,0.001856,-0.022996,0.027197,0.025777,0.025355,-0.00662,-0.005409
2000-06,0.001856,-0.073843,0.022145,-0.026737,0.032628,0.002911,0.002796
2000-07,0.001856,-0.018187,0.044277,0.017068,0.03052,-0.002764,0.045901
2000-08,0.001856,0.021625,-0.008596,0.042098,-0.017277,-0.032858,0.013269
2000-09,0.001856,0.037318,-0.049773,0.028192,-0.034215,-0.003422,0.011796
2000-10,0.001856,-0.022182,0.023503,0.032889,0.013666,0.001559,0.00692
2000-11,0.001856,-0.016739,0.054628,0.011587,0.025255,0.004336,0.001848
2000-12,0.001856,-0.008051,-0.002537,0.027538,0.013365,0.019526,-0.005541
2001-01,0.001856,-0.019981,-0.009398,-0.009448,0.025946,0.004744,0.006877
2001-02,0.001856,0.014761,-0.059119,-0.012166,0.030485,0.024579,-0.011171
2001-03,0.001856,0.000344,0.07023,0.029589,0.005013,-0.006481,0.003347
2001-04,0.001856,5.7e-05,-0.006892,0.035411,-0.014138,-0.025686,0.010693
2001-05,0.001856,0.023747,0.034948,0.067417,0.002223,-0.02534,0.013096
2001-06,0.001856,-0.003893,0.005902,-0.000522,0.006724,0.009211,0.011929
2001-07,0.001856,0.020971,-0.13411,-0.006747,-0.007594,-0.001881,0.006294
2001-08,0.001856,0.028868,-0.034982,0.015742,-0.010783,-0.004782,0.009822
2001-09,0.001856,-0.020065,-0.049854,-0.026623,0.020785,0.01392,-0.012835
2001-10,0.001856,-0.005179,-0.048817,-0.022202,0.022821,-0.013001,0.014799
2001-11,0.001856,-0.027172,0.034597,0.022544,0.010895,-0.013049,0.005638
2001-12,0.001856,0.026721,-0.062081,-0.012923,0.021164,0.04906,-0.034552
2002-01,0.001856,0.028928,-0.100381,-0.037247,0.025384,0.042717,-0.020329
2002-02,0.001635,-0.034837,0.024758,0.012182,-0.029044,-0.0203,0.016617
2002-03,0.001635,-0.048271,0.056985,0.029996,-0.008344,-0.015966,-0.000291
2002-04,0.001635,-0.016162,0.041334,0.020155,0.017047,-0.027904,0.026742
2002-05,0.001635,-0.005883,-0.087914,-0.004116,-0.015362,-0.009902,0.009623
2002-06,0.001635,-0.007035,0.144166,-0.052403,0.034312,0.012577,0.011374
2002-07,0.001635,0.022881,-0.045411,0.009905,-0.017016,-0.003066,-0.010014
2002-08,0.001635,-4.3e-05,0.008331,0.007121,0.006275,0.016154,-0.007443
2002-09,0.001635,0.014918,-0.054647,-0.004058,0.004393,0.016619,-0.01271
2002-10,0.001635,0.024116,-0.050846,-0.014731,-0.007363,-0.005941,0.006709
2002-11,0.001635,0.023272,-0.057625,-0.032053,0.018558,0.026898,-0.01841
2002-12,0.001635,0.029866,-0.055565,0.006924,-0.017977,0.01341,-0.006864
2003-01,0.001635,-0.031879,0.097657,0.006764,0.006261,-0.020061,0.023179
2003-02,0.001635,0.001286,0.007425,0.009932,0.000824,-0.001788,0.003859
2003-03,0.001635,0.035316,-0.006907,-0.025469,0.024045,0.022933,-0.015363
2003-04,0.001635,0.068361,0.000733,-0.054501,0.059679,0.062029,-0.033187
2003-05,0.001635,-0.003928,0.040669,-0.015627,0.00861,-0.015585,0.003752
2003-06,0.001635,0.018677,-0.059786,-0.00306,0.010479,0.011338,-0.001977
2003-07,0.001635,0.054041,-0.011581,-0.037306,0.01274,0.023257,-0.012805
2003-08,0.001635,-0.026542,-0.035328,0.013101,-0.028841,-0.009091,0.001267
2003-09,0.001635,0.005688,-0.043523,-0.010962,8.5e-05,0.002114,0.002032
2003-10,0.001635,0.111137,-0.02124,-0.065579,0.061951,0.066806,-0.030788
2003-11,0.001635,-0.014916,0.024801,-0.012699,0.046437,0.011347,-0.008035
2003-12,0.001635,0.120372,0.061026,-0.080237,0.081809,0.071829,-0.035964
2004-01,0.001635,-0.028856,0.059546,0.03059,-0.009168,-0.01542,-0.004067
2004-02,0.001635,-0.071534,0.062387,0.036888,-0.030411,-0.032888,0.0278
2004-03,0.001635,-0.004909,0.038181,0.011965,0.023098,0.011727,-0.012516
2004-04,0.001635,0.035796,-0.093118,0.005689,0.044357,0.033636,-0.007568
2004-05,0.001635,-0.003364,-0.024595,0.017789,0.009169,-0.008217,-0.006645
2004-06,0.001635,0.042865,-0.099375,-0.019308,0.026897,0.040701,-0.014063
2004-07,0.001635,0.048613,-0.009875,-0.043052,-0.010706,0.025514,-0.010656
2004-08,0.001635,0.012933,-0.03776,-0.010529,0.040199,0.020268,-0.001626
2004-09,0.001635,0.037032,0.046713,-0.007312,-0.012388,0.022831,-0.025408
2004-10,0.001856,0.036617,-0.056226,-0.027125,0.006146,0.034067,-0.025293
2004-11,0.001856,-0.05743,0.01431,0.048551,-0.006444,-0.041969,0.00701
2004-12,0.001856,0.054841,-0.06207,-0.023416,0.013524,0.033481,-0.017867
2005-01,0.001856,0.034812,-0.06321,-0.002124,-0.001656,0.000717,-0.00368
2005-02,0.001856,-0.020005,0.095101,0.005636,-0.005472,0.004046,-0.006937
2005-03,0.001856,0.085583,-0.097188,-0.025144,0.015388,0.040991,-0.02284
2005-04,0.001856,0.07641,-0.027108,-0.060836,0.023602,0.036047,-0.01345
2005-05,0.001856,-0.103578,-0.083763,0.039918,-0.008689,-0.052059,0.009736
2005-06,0.001856,0.03351,0.012307,-0.013782,0.041936,0.026763,-0.013542
2005-07,0.001856,0.080761,-0.005677,-0.081917,0.034754,0.057174,-0.027095
2005-08,0.001856,-0.112481,0.08906,0.096092,-0.01095,-0.056137,0.03604
2005-09,0.001856,-0.015376,-0.003931,0.038166,-0.024707,0.008389,-0.013715
2005-10,0.001856,0.028414,-0.061454,-0.002989,-0.006637,0.015786,-0.011875
2005-11,0.001856,-0.036006,0.002918,0.020955,0.019101,-0.008634,0.008244
2005-12,0.001856,0.051364,0.062507,-0.053925,0.012829,0.031491,-0.017883
2006-01,0.001856,0.004804,0.081066,-0.009979,-0.005261,-0.013387,-0.021135
2006-02,0.001856,-0.000394,0.03826,-0.010165,0.005643,-0.009075,0.005193
2006-03,0.001856,0.073879,0.008446,-0.002801,-0.011607,0.02524,-0.013896
2006-04,0.001856,0.11373,0.125705,-0.043771,0.021937,0.027866,-0.021293
2006-05,0.001856,-0.053902,0.167449,0.104469,-0.016749,-0.094942,0.043605
2006-06,0.001856,-0.020108,0.032924,0.040708,-0.013697,-0.0193,0.027079
2006-07,0.001856,0.000308,-0.056375,0.059061,-0.0058,-0.020863,0.024715
2006-08,0.002076,0.018861,0.021103,-0.005705,-0.014019,-0.006642,-0.002923
2006-09,0.002076,-0.004638,0.046098,0.018214,-0.012964,-0.010702,0.008524
2006-10,0.002076,-0.028499,0.031105,-0.038476,0.043129,0.049686,-0.041712
2006-11,0.002076,0.076205,0.138179,-0.120643,0.019737,0.065659,-0.047162
2006-12,0.002076,0.037276,0.255893,-0.089844,0.001328,0.047276,-0.01675
2007-01,0.002076,-0.049878,0.060808,0.056845,-0.00577,-0.051824,0.052769
2007-02,0.002076,-0.104206,0.045033,0.101845,0.019271,-0.110013,0.081327
2007-03,0.002296,-0.077225,0.106359,0.108133,-0.008364,-0.059845,0.050135
2007-04,0.002296,0.036065,0.192224,0.054279,0.044373,-0.088655,0.070672
2007-05,0.002515,0.027785,0.069422,-0.018782,-0.001286,0.029673,-0.009904
2007-06,0.002515,-0.033535,-0.076838,-0.095922,-0.104725,0.122453,-0.065771
2007-07,0.002734,0.044572,0.169545,0.076692,0.019788,-0.031475,-0.021756
2007-08,0.002952,0.029373,0.166589,-0.025078,-0.007091,-0.017359,0.003163
2007-09,0.003169,0.034573,0.056279,-0.019874,0.061311,-0.032968,-0.021389
2007-10,0.003169,0.076654,0.065731,-0.094322,-0.027203,0.098825,-0.05668
2007-11,0.003169,-0.128108,-0.131855,0.082029,-0.000636,-0.049107,0.038907
2007-12,0.003386,-0.012106,0.073196,0.035414,0.005756,0.004032,0.045438
2008-01,0.003386,-0.037566,-0.169203,0.068938,-0.032226,-0.00672,0.016867
2008-02,0.003386,-0.022742,-0.002899,0.075095,0.02268,-0.016448,0.009224
2008-03,0.003386,0.002251,-0.201414,0.021457,-0.038609,0.002858,-0.008039
2008-04,0.003386,0.065209,0.064284,-0.08099,-0.011846,0.040993,-0.017264
2008-05,0.003386,-0.018857,-0.076492,0.045343,0.032995,0.000702,0.012449
2008-06,0.003386,0.020786,-0.205355,-0.021762,-0.008402,0.024571,-0.009768
2008-07,0.003386,-0.028302,0.01484,0.07575,-0.01451,-0.026649,0.016906
2008-08,0.003386,-0.011301,-0.14232,-0.05102,0.04855,0.033403,-0.060644
2008-09,0.003386,-0.020699,-0.057156,-0.064066,0.040191,0.008627,0.014559
2008-10,0.002952,0.039339,-0.250174,0.009465,0.041846,4.3e-05,0.034914
2008-11,0.002076,-0.052371,0.093063,0.084793,-0.037671,-0.045683,0.019646
2008-12,0.001856,0.038252,-0.025381,0.084254,-0.060343,-0.017441,-0.00222
2009-01,0.001856,-0.10865,0.088382,0.045007,-0.033269,-0.030716,-0.065153
2009-02,0.001856,-0.030231,0.048142,0.03515,-0.031436,-0.045158,0.033764
2009-03,0.001856,-0.087037,0.140194,0.05782,-0.068043,-0.056365,0.004986
2009-04,0.001856,-0.014768,0.044732,0.029575,0.006164,-0.012406,0.016205
2009-05,0.001856,-0.037478,0.059183,0.03331,0.006741,0.004673,-0.014666
2009-06,0.001856,0.007099,0.141701,-0.049126,0.005079,0.001359,-0.022476
2009-07,0.001856,-0.103274,0.150341,-0.037321,0.007828,-0.035771,0.038093
2009-08,0.001856,-0.010877,-0.216761,0.054074,-0.024045,-0.010473,0.004496
2009-09,0.001856,0.024735,0.046157,-0.001565,-0.013148,0.021214,-0.015856
2009-10,0.001856,0.077677,0.07849,0.029361,-0.005362,-0.027737,0.019039
2009-11,0.001856,0.008515,0.068249,0.071142,-0.015642,-0.020761,0.032729
2009-12,0.001856,-0.045985,0.023943,0.008565,0.021187,-0.010495,0.00903
2010-01,0.001856,-0.024181,-0.087283,0.060992,-0.020832,-0.012329,0.005605
2010-02,0.001856,0.028053,0.021369,0.054132,-0.033765,-0.03907,0.033453
2010-03,0.001856,0.014664,0.021012,0.026308,-0.007645,-0.006412,0.007043
2010-04,0.001856,0.051245,-0.07975,-7.3e-05,-0.028333,0.00885,0.005291
2010-05,0.001856,0.052611,-0.08805,0.019659,0.00441,0.02247,-0.043537
2010-06,0.001856,-0.016059,-0.075234,-0.024065,-0.00142,0.000628,-0.000719
2010-07,0.001856,-0.007216,0.105739,0.031258,-0.025715,-0.028035,0.018433
2010-08,0.001856,0.116592,0.01342,0.07285,-0.077466,-0.007007,0.025073
2010-09,0.001856,0.049148,0.00503,-0.001124,-0.052133,-0.026693,0.017178
2010-10,0.00206,-0.030516,0.118147,-0.030916,0.013022,-0.002536,0.022762
2010-11,0.00206,0.099099,-0.042689,0.064347,-0.03277,0.021527,0.003424
2010-12,0.002263,-0.007685,-0.006973,-0.006213,0.018932,0.010718,-0.01262
2011-01,0.002263,-0.0831,-0.025242,-0.044541,0.03763,-0.015139,-0.000886
2011-02,0.002466,0.068897,0.046523,0.049773,-0.036543,-0.044626,0.022497
2011-03,0.002466,-0.037286,-0.004348,0.008425,0.004308,-0.014588,-0.007509
2011-04,0.002669,-0.044587,-0.014081,-0.02034,0.005012,0.000718,-0.008923
2011-05,0.002669,0.009263,-0.065595,-0.005007,-0.004106,0.015874,-0.012502
2011-06,0.002669,0.074476,0.023523,0.024981,-0.014211,-0.005465,0.0045
2011-07,0.002871,0.022394,-0.013968,0.040512,-0.049903,-0.013723,-0.009275
2011-08,0.002871,-0.000763,-0.046353,0.029267,-0.013763,0.006361,-0.00824
2011-09,0.002871,-0.020972,-0.091336,-0.02756,0.032437,0.002159,0.02741
2011-10,0.002871,-0.01064,0.04454,-0.005081,0.028405,-0.008527,-0.008115
2011-11,0.002871,0.021577,-0.053779,0.016373,-0.020882,-0.004992,0.011115
2011-12,0.002871,0.099987,-0.07341,-0.080694,0.079281,0.077013,-0.046196
2012-01,0.002871,-0.025937,0.026264,-0.04849,-0.017175,-0.003672,0.019093
2012-02,0.002871,-0.04843,0.06803,0.055416,-0.038089,-0.029,0.000827
2012-03,0.002871,0.037271,-0.068293,-0.000405,0.010163,0.007507,0.013665
2012-04,0.002871,-0.051506,0.050475,0.010846,-0.024495,-0.006661,-0.006793
2012-05,0.002871,-0.005658,-0.001666,0.014964,-0.01837,-0.004017,-0.001029
2012-06,0.002669,0.042709,-0.046604,0.000351,0.012032,0.015357,-0.003171
2012-07,0.002466,0.048977,-0.059498,-0.038588,0.001645,0.028638,-0.015208
2012-08,0.002466,-0.008539,-0.023429,0.075655,-0.015458,-0.038583,0.028435
2012-09,0.002466,-0.002575,0.016407,-0.024337,-0.017544,0.025693,0.009521
2012-10,0.002466,0.015928,-0.009373,0.013627,0.004707,-0.008843,0.002395
2012-11,0.002466,0.033775,-0.059472,-0.055166,0.044135,0.0112,-0.010494
2012-12,0.002466,-0.040467,0.149131,0.009796,0.024754,0.012621,0.00545
2013-01,0.002466,-0.020857,0.052682,0.023052,0.01491,-0.041376,0.010662
2013-02,0.002466,0.023353,-0.003084,0.041213,-0.011804,-0.017525,0.002197
2013-03,0.002466,0.054778,-0.052266,0.0254,-0.017793,-0.021547,0.005156
2013-04,0.002466,0.017783,-0.023798,-0.004381,0.012213,0.00536,0.009267
2013-05,0.002466,0.015922,0.074223,0.079235,-0.018798,-0.036645,0.000203
2013-06,0.002466,0.051662,-0.131653,-0.011677,0.009328,0.01627,-0.010332
2013-07,0.002466,0.064716,0.025749,0.052001,0.003922,-0.013913,0.012545
2013-08,0.002466,-0.054751,0.048545,0.037718,-0.001561,-0.023913,0.008936
2013-09,0.002466,0.100622,0.042161,0.005373,0.030333,-0.042507,0.014927
2013-10,0.002466,-0.034576,-0.022083,-0.00342,0.018745,0.004947,0.011237
2013-11,0.002466,0.041722,0.043782,0.048612,0.010897,-0.033713,0.00297
2013-12,0.002466,0.018743,-0.044283,0.008952,0.00132,0.008647,-0.003501
2014-01,0.002466,0.110257,-0.023286,0.071526,0.021576,-0.025845,-0.01162
2014-02,0.002466,-0.024173,0.008935,0.031811,-0.004641,-0.028873,0.020454
2014-03,0.002466,-0.06852,-0.024743,-0.010536,0.000179,0.006656,0.010949
2014-04,0.002466,-0.009206,-0.009427,-0.006399,-0.001677,0.018818,-0.008481
2014-05,0.002466,0.025794,0.013138,0.014911,0.0032,-0.023271,0.008562
2014-06,0.002466,0.0186,0.024963,0.030826,-0.000683,-0.022239,0.014873
2014-07,0.002466,-0.061457,0.080356,-0.01126,0.021876,-0.008115,0.009841
2014-08,0.002466,0.044843,0.014506,0.056109,-0.028167,-0.033312,0.005549
2014-09,0.002466,0.022253,0.073598,0.079067,-0.023999,-0.068673,0.038604
2014-10,0.002466,-0.00352,0.019154,-0.001857,0.015689,0.008664,0.003644
2014-11,0.002263,-0.050354,0.094455,-0.029614,0.04722,-0.008079,-0.00442
2014-12,0.002263,-0.197419,0.150559,-0.22235,0.157879,0.09219,0.013661
2015-01,0.002263,0.006348,0.00743,0.056367,-0.085883,-0.011671,-0.021664
2015-02,0.002263,-0.051375,0.041913,0.041979,-0.047426,-0.014959,-0.018725
2015-03,0.00206,0.025078,0.149493,0.092709,-0.03812,-0.062408,0.003316
2015-04,0.00206,0.146313,0.174704,0.000955,-0.00057,-0.038127,0.06337
2015-05,0.001856,0.028921,0.09225,0.227813,-0.140465,-0.089486,0.022387
2015-06,0.001652,-0.033286,-0.091634,-0.04616,0.094736,-0.00214,0.027458
2015-07,0.001652,-0.028543,-0.14817,-0.037406,0.031563,0.067441,-0.037097
2015-08,0.001447,-0.039279,-0.154383,-0.001854,-0.001466,-0.024251,0.050975
2015-09,0.001447,-0.030304,-0.049051,0.026592,-0.020801,0.035977,-0.037421
2015-10,0.001241,-0.036474,0.140338,0.098143,-0.082688,-0.063393,0.02522
2015-11,0.001241,-0.059877,0.04354,0.115189,-0.034358,-0.021476,-0.01131
2015-12,0.001241,-0.046492,0.031661,0.061776,-0.028838,-0.004884,0.002317
2016-01,0.001241,-0.087043,-0.250808,-0.051603,0.048413,0.041691,-0.010872
2016-02,0.001241,-0.023495,-0.028446,-0.002025,0.008927,-0.007162,0.018821
2016-03,0.001241,0.032265,0.140283,0.068337,-0.052514,0.000497,-0.024595
2016-04,0.001241,0.011856,-0.023263,0.027847,-0.001175,0.000366,0.018633
2016-05,0.001241,0.006051,-0.002677,-0.019064,0.006301,0.016872,-0.022392
2016-06,0.001241,0.018808,0.027215,0.051612,-0.007693,-0.011605,-0.010672
2016-07,0.001241,-0.027935,0.008684,-0.029824,0.037112,0.006899,0.017094
2016-08,0.001241,0.0081,0.040277,0.022909,0.00831,-0.00783,-0.001442
2016-09,0.001241,0.006401,-0.024024,0.027964,-0.003244,-0.0101,0.012427
2016-10,0.001241,9.8e-05,0.029214,0.017898,0.010627,-0.013729,0.012623
2016-11,0.001241,-0.036051,0.039711,-0.004804,0.020545,0.003166,0.019491
2016-12,0.001241,0.020374,-0.054696,0.009939,0.014056,-0.006322,0.055169
2017-01,0.001241,0.039759,0.002727,-0.047448,0.032954,0.007046,0.028665
2017-02,0.001241,0.019929,0.033063,0.019953,-0.008961,-0.012105,-9e-04
2017-03,0.001241,0.039909,-0.007543,-0.01457,0.015274,0.033846,-0.017953
2017-04,0.001241,0.03722,-0.027412,-0.049403,0.038249,0.052854,-0.021541
2017-05,0.001241,0.048298,-0.02228,-0.058925,0.052349,0.047432,-0.01601
2017-06,0.001241,0.018708,0.037141,-0.008758,-0.015008,-0.003768,-0.012596
2017-07,0.001241,0.0227,0.022302,-0.044104,0.040034,-0.034345,0.029657
2017-08,0.001241,-0.025536,0.031963,0.010005,-0.00998,-0.012287,0.006662
2017-09,0.001241,-0.019096,0.005419,0.004413,-0.033243,0.003486,-0.019937
2017-10,0.001241,0.084956,0.012103,-0.044458,-0.004918,0.044854,-0.035746
2017-11,0.001241,0.036263,-0.031296,-0.049729,0.024117,0.012638,0.007864
2017-12,0.001241,0.047086,-0.000163,-0.021496,-0.001634,0.020434,-0.021786
2018-01,0.001241,0.080075,0.037186,-0.074734,0.069847,0.0411,0.011031
2018-02,0.001241,0.011822,-0.058067,0.001769,-0.017931,0.005095,-0.038258
2018-03,0.001241,-0.110587,-0.013424,0.067338,-0.061307,-0.016632,-0.017735
2018-04,0.001241,0.022681,-0.034837,-0.005787,0.013742,0.014085,0.005386
2018-05,0.001241,0.056795,-0.001749,-0.011807,0.002282,0.060524,-0.007053
2018-06,0.001241,0.063378,-0.081787,-0.030543,0.028114,0.040536,-0.003633
2018-07,0.001241,-0.027643,0.009562,-0.010452,0.027077,-0.013981,0.025504
2018-08,0.001241,0.011351,-0.060288,-0.022191,0.01809,-0.010964,0.025844
2018-09,0.001241,0.017799,0.024093,-0.036907,0.018508,0.009247,0.024075
2018-10,0.001241,-0.004359,-0.083033,-0.002704,0.054049,-0.012893,0.03414
2018-11,0.001241,-0.072884,0.003519,0.054966,-0.049574,-0.02291,-0.008483
2018-12,0.001241,0.025335,-0.043711,0.003143,0.009858,0.010456,0.010939
2019-01,0.001241,0.047989,0.029319,-0.059201,0.013302,0.024836,-0.0123
2019-02,0.001241,-0.137567,0.156243,0.06218,-0.085184,-0.066921,-0.020393
2019-03,0.001241,0.001755,0.061243,0.044585,-0.0432,-0.030767,-0.01704
2019-04,0.001241,0.050815,-0.011277,-0.027901,0.005957,0.013391,-0.004525
2019-05,0.001241,0.02658,-0.060141,0.023099,0.007416,-0.005475,0.020385
2019-06,0.001241,0.031241,0.032434,-0.032495,-0.00151,0.02228,-0.012669
2019-07,0.001241,0.006268,-0.001523,-0.018173,-0.002831,0.027153,-0.029782
2019-08,0.001241,0.044606,-0.012212,1e-06,-0.049401,0.027613,-0.036084
2019-09,0.001241,-0.014588,0.00542,0.012748,0.002386,0.025906,-0.013968
2019-10,0.001241,0.034106,0.00974,-0.015393,-0.009325,0.004106,-0.016473
2019-11,0.001241,-0.00346,-0.019067,-0.012431,0.001009,0.010446,0.00518
2019-12,0.001241,0.005363,0.06678,0.013709,-0.01253,0.001802,0.002184
2020-01,0.001241,0.045554,-0.006932,0.028678,-0.027844,0.026606,-0.02525
2020-02,0.001241,0.068054,-0.013634,0.014966,-0.034854,0.005199,-0.018142
2020-03,0.001241,-0.009832,-0.059485,0.012948,0.010418,-0.019283,-0.00197
2020-04,0.001241,0.100389,0.04671,-0.023924,-0.027665,0.045789,-0.047444
2020-05,0.001241,0.030331,0.004071,0.025299,-0.014312,0.027449,-0.033831
2020-06,0.001241,0.118311,0.073159,0.009796,-0.045949,0.038777,-0.027617
2020-07,0.001241,0.050218,0.120912,-0.000498,-0.03934,-0.024038,-0.002616
2020-08,0.001241,-0.004182,0.016452,0.018061,-0.016052,0.003104,0.000323
2020-09,0.001241,-0.008009,-0.055929,-0.012451,0.011503,0.01103,0.002675
2020-10,0.001241,0.020498,0.012271,-0.00156,-0.013592,0.027377,-0.01072
2020-11,0.001241,-0.049167,0.041322,-0.031714,0.039237,-0.029391,0.019574
2020-12,0.001241,0.173623,0.021128,-0.056572,-0.051395,0.052443,-0.048891
2021-01,0.001241,0.09779,0.00027,-0.069702,0.00472,0.051324,-0.029277
2021-02,0.001241,-0.07037,-0.002927,0.020698,0.034881,-0.016096,0.024393
2021-03,0.001241,-0.029031,-0.026682,0.042183,0.037333,-0.025637,0.036472
2021-04,0.001241,0.074129,0.013663,-0.000972,-0.033335,0.010947,-0.004124
2021-05,0.001241,0.006758,0.051503,0.026192,-0.025262,-0.024027,0.011061
2021-06,0.001241,0.013273,0.00857,0.036306,-0.022464,0.001905,0.015829
2021-07,0.001241,0.01789,-0.04269,0.033302,-0.031784,-0.036023,-0.001462
2021-08,0.001241,0.0575,0.031209,0.01616,0.062202,-0.050568,0.06169
2021-09,0.001241,-0.067642,-0.005543,-0.037959,0.008377,0.016412,0.001692
2021-10,0.001241,0.046356,-0.003701,-0.016393,-0.047903,0.013774,-0.034188
2021-11,0.001241,-0.05645,0.023236,0.115673,-0.039763,0.010497,-0.022042
2021-12,0.001241,-0.08474,0.010255,0.011594,0.024248,-0.021575,0.02586
2022-01,0.001241,-0.03827,-0.086731,-0.004028,0.056262,-0.01105,0.017154
2022-02,0.001241,0.075001,0.026517,0.018139,-0.001876,-0.017785,0.030855
2022-03,0.001241,0.003289,-0.067353,0.022479,0.049225,-0.037152,0.030935
2022-04,0.001241,-0.061534,-0.08173,-0.09523,0.032002,0.035741,-0.008254
2022-05,0.001241,0.057217,0.053554,0.063863,-0.031929,-0.013759,0.016605
2022-06,0.001241,-0.060031,0.080284,-0.01816,-0.057496,0.016366,-0.045266
2022-07,0.001241,0.061434,-0.027483,0.075477,7e-06,-0.021498,0.019592
2022-08,0.001241,0.02439,-0.020482,-0.019072,0.021785,-0.019259,0.02227
2022-09,0.001241,0.049394,-0.063449,-0.02969,0.027448,0.002625,0.010258
2022-10,0.001241,-0.018364,-0.029452,0.083541,-0.020984,-0.032603,0.018481
2022-11,0.001241,0.019274,0.078621,-0.017491,0.02633,-0.00299,0.025927
2022-12,0.001241,-0.058377,-0.022277,-0.024978,-0.024182,-0.003262,-0.02083
